"FAC","hospital_name","executive_name","executive_title","date_gathered","error_message"
"600","ATIKOKAN GENERAL HOSPITAL","Beth Fairfield","Board Chair",2025-10-20,NA
"600","ATIKOKAN GENERAL HOSPITAL","Sally Burns","Board Vice Chair/Town Rep",2025-10-20,NA
"600","ATIKOKAN GENERAL HOSPITAL","Jennifer Learning","Chief Executive Officer, President",2025-10-20,NA
"600","ATIKOKAN GENERAL HOSPITAL","Stacey Wood","Chief Nursing Officer",2025-10-20,NA
"600","ATIKOKAN GENERAL HOSPITAL","Sara Van Der Loo","Chief of Staff",2025-10-20,NA
"600","ATIKOKAN GENERAL HOSPITAL","Blake Homer","Chief Financial Officer",2025-10-20,NA
"967","CORNWALL COMMUNITY","Jeanette Despatie","President & Chief Executive Officer",2025-10-20,NA
"967","CORNWALL COMMUNITY","Dr. Anastasios Boubalos","Chief of Staff",2025-10-20,NA
"967","CORNWALL COMMUNITY","Kelly Shaw","Vice President of Patient Services & Chief Nursing Officer",2025-10-20,NA
"967","CORNWALL COMMUNITY","Ann Zeran","Vice President of Community Programs",2025-10-20,NA
"967","CORNWALL COMMUNITY","Karin Hagen","Chief Finance Officer",2025-10-20,NA
"967","CORNWALL COMMUNITY","vacant","Chief Information Officer",2025-10-20,NA
"966","SARNIA BLUEWATER HEALTH","Paula Reaume-Zimmer","President & CEO",2025-10-20,NA
"966","SARNIA BLUEWATER HEALTH","Dr. Michel Haddad","Chief of Staff",2025-10-20,NA
"966","SARNIA BLUEWATER HEALTH","Bob DeRaad","Vice-President, Clinical Services",2025-10-20,NA
"966","SARNIA BLUEWATER HEALTH","Marlene Kerwin","Vice-President, Corporate Services and Chief Financial Officer",2025-10-20,NA
"966","SARNIA BLUEWATER HEALTH","Jane Mathews","Vice-President Clinical Support Services and Chief Nursing Executive",2025-10-20,NA
"966","SARNIA BLUEWATER HEALTH","Lisa Regan","Vice-President, Care Transitions",2025-10-20,NA
"965","SAULT STE MARIE SAULT AREA","Ila Watson","President and CEO",2025-10-20,NA
"965","SAULT STE MARIE SAULT AREA","Dr. John Heintzman","Chief of Staff",2025-10-20,NA
"965","SAULT STE MARIE SAULT AREA","Shauna Hynna","Vice President People, Planning and Partnerships",2025-10-20,NA
"965","SAULT STE MARIE SAULT AREA","Mindy Lindstedt","Vice President, Chief Nursing Executive",2025-10-20,NA
"965","SAULT STE MARIE SAULT AREA","Dr. Stephen Smith","Vice President Medical Affairs",2025-10-20,NA
"965","SAULT STE MARIE SAULT AREA","Greg Zambusi","Vice President Corporate Services and Chief Financial Officer",2025-10-20,NA
"962","ST CATHARINES NIAGARA HEALTH SYSTEM","Lynn Guerriero","President and Chief Executive Officer",2025-10-20,NA
"962","ST CATHARINES NIAGARA HEALTH SYSTEM","Simon Akinsulie","Executive Vice-President, Practice, Clinical Support & Chief Nursing Executive",2025-10-20,NA
"962","ST CATHARINES NIAGARA HEALTH SYSTEM","Harpreet Bassi","Executive Vice-President, Strategy, Research and Redevelopment",2025-10-20,NA
"962","ST CATHARINES NIAGARA HEALTH SYSTEM","Linda Boich","Executive Vice-President, Patient Experience and Integrated Care",2025-10-20,NA
"962","ST CATHARINES NIAGARA HEALTH SYSTEM","Dr. Kevin Chan","Executive Vice-President, Medical; Chief of Staff",2025-10-20,NA
"962","ST CATHARINES NIAGARA HEALTH SYSTEM","Anthony DiCaita","Executive Vice-President, Corporate Services; Chief Financial Officer",2025-10-20,NA
"962","ST CATHARINES NIAGARA HEALTH SYSTEM","Sonali Kohli","Executive Vice-President, Digital Transformation; Chief Information Officer",2025-10-20,NA
"962","ST CATHARINES NIAGARA HEALTH SYSTEM","Heather Paterson","Executive Vice-President, Clinical Operations",2025-10-20,NA
"962","ST CATHARINES NIAGARA HEALTH SYSTEM","Fiona Peacefull","Executive Vice-President, Human Resources",2025-10-20,NA
"955","GREY BRUCE HEALTH SERVICES  Brightshores","Ann Ford","President & Chief Executive Officer (519) 376-2121 Ext. 2801",2025-10-20,NA
"955","GREY BRUCE HEALTH SERVICES  Brightshores","Rebecca Cummings","VP, Corporate Services, COO, CPO, CHRO (519) 376-2121 Ext. 2310",2025-10-20,NA
"955","GREY BRUCE HEALTH SERVICES  Brightshores","Beth Morris","VP Clinical Programs, Quality & Chief Nursing Executive",2025-10-20,NA
"955","GREY BRUCE HEALTH SERVICES  Brightshores","Lisa Pires","VP, Finance & Development, CFO",2025-10-20,NA
"955","GREY BRUCE HEALTH SERVICES  Brightshores","Tim Pemberton","VP, Digital Health & Technology, CIO, CPO",2025-10-20,NA
"955","GREY BRUCE HEALTH SERVICES  Brightshores","Dr. Michael Williams","Vice President of Medical Affairs",2025-10-20,NA
"955","GREY BRUCE HEALTH SERVICES  Brightshores","Dr. Cornelius Van Zyl","Chief of Medical StaffMarta Monck, Administrative Assistant to VP Medical Affairs, Chief of Medical Staff (519) 376-2121 Ext. 2807",2025-10-20,NA
"950","HALTON HEALTHCARE","Melissa Farrell","President & CEO",2025-10-20,NA
"950","HALTON HEALTHCARE","Dr. David McConachie","Chief of Staff",2025-10-20,NA
"950","HALTON HEALTHCARE","Al Coady","Senior Vice President, Redevelopment, Facilities & Retail Operations",2025-10-20,NA
"950","HALTON HEALTHCARE","Debra Stout","Senior Vice President and Chief Nursing Executive",2025-10-20,NA
"950","HALTON HEALTHCARE","Marie Hubbard","Senior Vice President, People and Culture",2025-10-20,NA
"950","HALTON HEALTHCARE","Melissa McCullough","Senior Vice President, Chief Financial Officer and Chief Strategy Officer",2025-10-20,NA
"950","HALTON HEALTHCARE","Dr. Sohail Gandhi","Vice President and Chief Medical Officer",2025-10-20,NA
"950","HALTON HEALTHCARE","Sharon Gray","Vice President, Clinical Programs and Interprofessional Practice",2025-10-20,NA
"950","HALTON HEALTHCARE","Naila Butt","Vice President, Patient Experience, Quality and Risk",2025-10-20,NA
"950","HALTON HEALTHCARE","Jennifer Fiddick-Carvalho","Vice President, Corporate Services and Communications",2025-10-20,NA
"950","HALTON HEALTHCARE","Katherine Scott","Vice President, Ambulatory Services and Partnerships",2025-10-20,NA
"950","HALTON HEALTHCARE","Paul Milliken","Vice President, Communications and Stakeholder Relations",2025-10-20,NA
"940","COBOURG NORTHUMBERLAND HILLS","Susan B. Walsh, RN, MSc, MBA, FCCHL","President and Chief Executive Officer",2025-10-20,NA
"940","COBOURG NORTHUMBERLAND HILLS","Dr. Pavel (Paul) Ketov","Chief of Staff",2025-10-20,NA
"940","COBOURG NORTHUMBERLAND HILLS","Kate Zimmerman, RN, MHS, CHE","Vice President, Integrated Care and Chief Nursing Executive",2025-10-20,NA
"940","COBOURG NORTHUMBERLAND HILLS","Judy Fleming, RN, MN","Vice President, Digital Health, Analytics and Chief Clinical Information Officer",2025-10-20,NA
"940","COBOURG NORTHUMBERLAND HILLS","Jennifer Gillard, BA (Hons), MA, ABC","Vice President, Patient Experience, Public Affairs and Strategic Partnerships",2025-10-20,NA
"940","COBOURG NORTHUMBERLAND HILLS","Dee Perera, FCPA, FCMA","Interim Vice President, Finance and Chief Financial Officer",2025-10-20,NA
"940","COBOURG NORTHUMBERLAND HILLS","Lola Obomighie, MSc, CAPM, MCIPD, CHRL, CHRE","Vice President People, Culture & Organizational Effectiveness",2025-10-20,NA
"931","PARRY SOUND WEST PARRY SOUND","Donald Sanderson","Chief Executive Officer",2025-10-20,NA
"931","PARRY SOUND WEST PARRY SOUND","Victoria Langley","Chief Nursing Officer",2025-10-20,NA
"931","PARRY SOUND WEST PARRY SOUND","Heidi Stephenson","Chief Operating Officer",2025-10-20,NA
"931","PARRY SOUND WEST PARRY SOUND","Cara Rankin","Director of Nursing",2025-10-20,NA
"931","PARRY SOUND WEST PARRY SOUND","Laura Laaksonen","Director of Clinical Programs and Quality",2025-10-20,NA
"931","PARRY SOUND WEST PARRY SOUND","Lindsay Moffat","Director of Finance",2025-10-20,NA
"931","PARRY SOUND WEST PARRY SOUND","Wendy Richardson","Director of Human Resources",2025-10-20,NA
"931","PARRY SOUND WEST PARRY SOUND","Jim Hanna","Director of Transformation and Strategic Partnerships",2025-10-20,NA
"931","PARRY SOUND WEST PARRY SOUND","Dr. Wil Smith","Chief of Medical Staff",2025-10-20,NA
"931","PARRY SOUND WEST PARRY SOUND","Dr. Jonathan Witt","President of Medical Staff",2025-10-20,NA
"916","HEADWATERS","Kim Delahunt","President & Chief Executive Officer",2025-10-20,NA
"916","HEADWATERS","Dr. Grace Wang, MD, FRSC","Chief of Staff & Vice President, Medical Affairs",2025-10-20,NA
"916","HEADWATERS","Cathy van Leipsig","Vice President, Corporate Services & Chief Financial Officer",2025-10-20,NA
"916","HEADWATERS","Annette Jones","Vice President Patient Experience, Health Integration, Chief Nursing and Health Disciplines Executive (CNE)",2025-10-20,NA
"916","HEADWATERS","Frances Duiker","Vice President, People and Culture",2025-10-20,NA
"928","PERTH SMITHS FALLS","Michael Cohen","President & CEO",2025-10-20,NA
"928","PERTH SMITHS FALLS","Erin Farrell","Vice President, Financial and Support Services",2025-10-20,NA
"928","PERTH SMITHS FALLS","Brian Smith","Vice President, Patient Care Services",2025-10-20,NA
"928","PERTH SMITHS FALLS","Homayra Mostamandi","Chief Nursing Executive",2025-10-20,NA
"928","PERTH SMITHS FALLS","Dr. Tom Morell","Chief of Staff",2025-10-20,NA
"814","STRATHROY MIDDLESEX GENERAL","Julie McBrien","President & Chief Executive Officer",2025-10-20,NA
"814","STRATHROY MIDDLESEX GENERAL","Dr. Elisheva Chernick","Vice President Medical Affairs, Chief of Staff",2025-10-20,NA
"814","STRATHROY MIDDLESEX GENERAL","Devin Sturdy","Vice President Corporate Services, Chief Financial Officer",2025-10-20,NA
"814","STRATHROY MIDDLESEX GENERAL","Krista Shea","Vice President Clinical Services & Chief Nursing Officer",2025-10-20,NA
"814","STRATHROY MIDDLESEX GENERAL","Ryan Whitney","Director of Facilities, Redevelopment & Support Services",2025-10-20,NA
"814","STRATHROY MIDDLESEX GENERAL","Tracy Wintermute","Director Human Resources & People",2025-10-20,NA
"813","STRATFORD GENERAL HPHA duplicate FAC=983","Andrew Williams","President & Chief Executive Officer",2025-10-20,NA
"813","STRATFORD GENERAL HPHA duplicate FAC=983","Dr. Kevin Lefebvre","Chief of",2025-10-20,NA
"813","STRATFORD GENERAL HPHA duplicate FAC=983","Mary Cardinal","Vice President People, Engagement & Social Accountability",2025-10-20,NA
"813","STRATFORD GENERAL HPHA duplicate FAC=983","Lynanne Mason","Vice President Partnerships, Transformation & Chief Nursing Executive",2025-10-20,NA
"813","STRATFORD GENERAL HPHA duplicate FAC=983","Iris Michaels","Vice President Performance, Finance & Digital Innovation",2025-10-20,NA
"804","SIMCOE NORFOLK GENERAL","Todd Stepanuik","President and Chief Executive OfficerNorfolk General HospitalNorfolk Hospital Nursing Home",2025-10-20,NA
"804","SIMCOE NORFOLK GENERAL","Kim Mullins","Vice-President Clinical and Chief Nursing Executive of Norfolk General Hospital,Â  and West Haldimand General Hospital.",2025-10-20,NA
"804","SIMCOE NORFOLK GENERAL","Dr. Robin Martin-Godelie","Chief ofÂ Staff",2025-10-20,NA
"804","SIMCOE NORFOLK GENERAL","Sarah-Jane Irvine, CHRL","Vice President People Strategy and Chief Human Resources Officer",2025-10-20,NA
"804","SIMCOE NORFOLK GENERAL","Dan Hill","Vice President â€“ Finance and Chief Financial Officer",2025-10-20,NA
"771","PETERBOROUGH REGIONAL HEALTH CENTRE","Dr. Lynn Mikula","President & CEO",2025-10-20,NA
"771","PETERBOROUGH REGIONAL HEALTH CENTRE","Noel Bennett","Vice President, Clinical Services, Chief Nursing Executive",2025-10-20,NA
"771","PETERBOROUGH REGIONAL HEALTH CENTRE","Paula Harrington","Vice President People, Culture and Organizational Development, Chief Human Resources Officer",2025-10-20,NA
"771","PETERBOROUGH REGIONAL HEALTH CENTRE","Dr. Mike Hartleib","Chief of Staff",2025-10-20,NA
"771","PETERBOROUGH REGIONAL HEALTH CENTRE","Dr. Janet Hurst","Vice President, Medical Affairs, Risk & Patient Relations, Chief Medical Executive",2025-10-20,NA
"771","PETERBOROUGH REGIONAL HEALTH CENTRE","Evan Lyons","Vice President, Digital Information Services, Chief Information Officer",2025-10-20,NA
"771","PETERBOROUGH REGIONAL HEALTH CENTRE","Sean Martin","Vice President, Clinical Services & Health Equity, Chief Quality Officer",2025-10-20,NA
"771","PETERBOROUGH REGIONAL HEALTH CENTRE","Jennifer Taylor","Vice President, Financial & Corporate Services, Chief Financial Officer",2025-10-20,NA
"763","PEMBROKE REGIONAL","Sabine Mersmann","President and CEO",2025-10-20,NA
"763","PEMBROKE REGIONAL","Dr. Declan Rowan","Chief of Staff",2025-10-20,NA
"763","PEMBROKE REGIONAL","Beth Brownlee","Vice President Clinical & Support Services and Chief Nursing Executive",2025-10-20,NA
"763","PEMBROKE REGIONAL","Brent McIntyre","Vice President Human Resources",2025-10-20,NA
"763","PEMBROKE REGIONAL","Scott Coombes","Vice President Finance and Corporate Services and Chief Financial Officer",2025-10-20,NA
"745","ORILLIA SOLDIERS' MEMORIAL","Carmine Stumpo","President and Chief Executive Officer",2025-10-20,NA
"745","ORILLIA SOLDIERS' MEMORIAL","Dr. Kim McIntosh","Chief of Staff",2025-10-20,NA
"745","ORILLIA SOLDIERS' MEMORIAL","Tom Roberts","Executive Vice President & Chief Financial Officer",2025-10-20,NA
"745","ORILLIA SOLDIERS' MEMORIAL","Jill Colin","Vice President Patient Care & Chief Nursing Executive",2025-10-20,NA
"745","ORILLIA SOLDIERS' MEMORIAL","Debbie Singh","Vice President People Strategy & Chief Human Resources Officer",2025-10-20,NA
"736","NEWMARKET SOUTHLAKE REGIONAL","Paul Woods, MD","President and CEO",2025-10-20,NA
"736","NEWMARKET SOUTHLAKE REGIONAL","Charmaine van Schaik, MD","Chief of Staff",2025-10-20,NA
"736","NEWMARKET SOUTHLAKE REGIONAL","Derek McNally","Executive Vice President and Chief Operating Officer",2025-10-20,NA
"736","NEWMARKET SOUTHLAKE REGIONAL","Karyn Popovich","Executive Vice President and Chief Nursing Executive",2025-10-20,NA
"736","NEWMARKET SOUTHLAKE REGIONAL","Tyler Chalk","Executive Vice President and Chief Strategy Officer",2025-10-20,NA
"736","NEWMARKET SOUTHLAKE REGIONAL","Cristina Amaral","Vice President, People and Chief Human Resources Officer",2025-10-20,NA
"736","NEWMARKET SOUTHLAKE REGIONAL","David Makary, MD","Vice President, Academics and Community Health",2025-10-20,NA
"736","NEWMARKET SOUTHLAKE REGIONAL","John Marshman","Vice President, Facilities & Infrastructure and Chief Redevelopment Officer",2025-10-20,NA
"736","NEWMARKET SOUTHLAKE REGIONAL","Wendy Miller","Vice President, Finance and Chief Financial Officer",2025-10-20,NA
"736","NEWMARKET SOUTHLAKE REGIONAL","Amir Soheili","Vice president, Digital Health & Diagnostics",2025-10-20,NA
"726","MIDLAND GEORGIAN BAY","Matthew Lawson","President and CEO",2025-10-20,NA
"726","MIDLAND GEORGIAN BAY","Marcia Chapman","Vice President, Performance and Support Services & Chief Financial Officer",2025-10-20,NA
"726","MIDLAND GEORGIAN BAY","Tanya Cripps","Vice President, People & Culture and Chief Human Resources Officer",2025-10-20,NA
"726","MIDLAND GEORGIAN BAY","Dr. Vikram Ralhan","Chief of Staff",2025-10-20,NA
"726","MIDLAND GEORGIAN BAY","Linda Gravel","Vice President, Clinical Services and Chief Nursing Executive",2025-10-20,NA
"718","BURLINGTON JOSEPH BRANT HOSPITAL","Eric J. Vandewall","President & Chief Executive Officer",2025-10-20,NA
"718","BURLINGTON JOSEPH BRANT HOSPITAL","Leslie Motz","Executive Vice President, Clinical and Chief Nursing Executive",2025-10-20,NA
"718","BURLINGTON JOSEPH BRANT HOSPITAL","Marco Terlevic","Executive Vice President, Corporate Administration and Chief Financial Officer",2025-10-20,NA
"718","BURLINGTON JOSEPH BRANT HOSPITAL","Ashley Davidson","Joseph Brant Hospital Foundation President & CEO",2025-10-20,NA
"718","BURLINGTON JOSEPH BRANT HOSPITAL","Dr. Paul Lysecki, MD, FRCSC","Interim Chief of Staff",2025-10-20,NA
"718","BURLINGTON JOSEPH BRANT HOSPITAL","Jane Albright","Vice President, People and Culture and Chief Human Resources Officer",2025-10-20,NA
"701","RICHMOND HILL MACKENZIE HEALTH","Mary-Agnes Wilson","Interim President and CEO, Mackenzie Health",2025-10-20,NA
"701","RICHMOND HILL MACKENZIE HEALTH","Dr. Steven Jackson","Vice President, Medical Planning and Chief of Staff, Mackenzie Health",2025-10-20,NA
"701","RICHMOND HILL MACKENZIE HEALTH","Heather Stewart","Interim Executive Vice President, Clinical Services & Chief Nurse Executive, Mackenzie Health",2025-10-20,NA
"701","RICHMOND HILL MACKENZIE HEALTH","David Stolte","Executive Vice President, Strategy and Clinical Support, Mackenzie Health",2025-10-20,NA
"701","RICHMOND HILL MACKENZIE HEALTH","Stav D'Andrea","Vice President, People Services and Chief Human Resources Officer (CHRO), Mackenzie Health",2025-10-20,NA
"701","RICHMOND HILL MACKENZIE HEALTH","Allison Trenholm","Vice President, Public Affairs, Stakeholder Relations and Chief Communications Officer, Mackenzie Health",2025-10-20,NA
"701","RICHMOND HILL MACKENZIE HEALTH","Purvi Desai","Vice President, Digital Health and Chief Information Officer, Mackenzie Health",2025-10-20,NA
"701","RICHMOND HILL MACKENZIE HEALTH","Greg Chow","Vice President, Finance and Chief Financial Officer",2025-10-20,NA
"699","WRHN-KITCHENER ST MARY'S","Ron Gagnon","President & CEO",2025-10-20,NA
"699","WRHN-KITCHENER ST MARY'S","Ashley Howat","Vice President, Strategic Initiatives, WRHN Foundation",2025-10-20,NA
"699","WRHN-KITCHENER ST MARY'S","Brandon Douglas","Vice President, Patient Care & Queenâ€™s Blvd. Site Lead",2025-10-20,NA
"699","WRHN-KITCHENER ST MARY'S","Cliff Harvey","Vice President, Redevelopment",2025-10-20,NA
"699","WRHN-KITCHENER ST MARY'S","Danina Kapetanovic","Vice President, Innovation & Chief Health Innovation Officer",2025-10-20,NA
"699","WRHN-KITCHENER ST MARY'S","Demetrios Kalantzis","Vice President, People(s), Culture & Experience",2025-10-20,NA
"699","WRHN-KITCHENER ST MARY'S","Doug Murray","Executive Vice President, Enabling Services",2025-10-20,NA
"699","WRHN-KITCHENER ST MARY'S","Elizabeth Ferguson","Executive Vice President & Chief Operating Officer",2025-10-20,NA
"699","WRHN-KITCHENER ST MARY'S","Gary Higgs","Vice President, Digital & Chief Information Officer",2025-10-20,NA
"699","WRHN-KITCHENER ST MARY'S","Dr. Heather Warren","Vice President, Medical Affairs",2025-10-20,NA
"699","WRHN-KITCHENER ST MARY'S","Jaime Wilson","Vice President, Development, WRHN Foundation",2025-10-20,NA
"699","WRHN-KITCHENER ST MARY'S","Desa Hobbs","Vice President, Patient Care & RVP Waterloo Wellington Regional Cancer Program",2025-10-20,NA
"699","WRHN-KITCHENER ST MARY'S","Kate Robertson-Cain","Vice President, Patient Care, Midtown Site Lead & Chief Nursing Executive",2025-10-20,NA
"699","WRHN-KITCHENER ST MARY'S","Mike Gourlay","Vice President, Finance & Support Services, Chief Financial Officer",2025-10-20,NA
"699","WRHN-KITCHENER ST MARY'S","Nicole Thomson","Vice President, Quality, Research & Patient Experience Interim Chicopee Site Lead",2025-10-20,NA
"699","WRHN-KITCHENER ST MARY'S","Dr. Peter Potts","Chief of Staff",2025-10-20,NA
"699","WRHN-KITCHENER ST MARY'S","Sarah Farwell","Vice President, Strategy, Communications & Public Affairs",2025-10-20,NA
"930","WRHN-KITCHENER GRAND RIVER","Ron Gagnon","President & CEO",2025-10-20,NA
"930","WRHN-KITCHENER GRAND RIVER","Brandon Douglas","Vice President,Patient Care & Queen's Blvd. Site Lead",2025-10-20,NA
"930","WRHN-KITCHENER GRAND RIVER","Cliff Harvey","Vice President,Redevelopment",2025-10-20,NA
"930","WRHN-KITCHENER GRAND RIVER","Danina Kapetanovic","Vice President,Innovation & Chief Health Innovation Officer",2025-10-20,NA
"930","WRHN-KITCHENER GRAND RIVER","Demetrios Kalantzis","Vice President,People(s),Culture & Experience",2025-10-20,NA
"930","WRHN-KITCHENER GRAND RIVER","Doug Murray","Executive Vice President,Enabling Services",2025-10-20,NA
"930","WRHN-KITCHENER GRAND RIVER","Elizabeth Ferguson","Executive Vice President & Chief Operating Officer",2025-10-20,NA
"930","WRHN-KITCHENER GRAND RIVER","Gary Higgs","Vice President,Digital & Chief Information Officer",2025-10-20,NA
"930","WRHN-KITCHENER GRAND RIVER","Dr. Heather Warren","Vice President Medical Affairs",2025-10-20,NA
"930","WRHN-KITCHENER GRAND RIVER","Kate Robertson-Cain","Vice President,Patient Care,Midtown Site Lead & Chief Nursing Executive",2025-10-20,NA
"930","WRHN-KITCHENER GRAND RIVER","Mike Gourlay","Vice President,Finance & Support Services,& Chief Financial Officer",2025-10-20,NA
"930","WRHN-KITCHENER GRAND RIVER","Nicole Thomson","Vice President,Quality,Research & Patient Experience,and Chicopee Site Lead",2025-10-20,NA
"930","WRHN-KITCHENER GRAND RIVER","Dr. Peter Potts","Chief of Staff",2025-10-20,NA
"930","WRHN-KITCHENER GRAND RIVER","Sarah Farwell","Vice President,Strategy,Communications & Public Affairs",2025-10-20,NA
"930","WRHN-KITCHENER GRAND RIVER","Desa Hobbs","Vice President,Patient Care & RVP Waterloo Wellington Regional Cancer Program",2025-10-20,NA
"930","WRHN-KITCHENER GRAND RIVER","Jaime Wilson","Vice President,Development,WRHN Foundation",2025-10-20,NA
"930","WRHN-KITCHENER GRAND RIVER","Ashley Howat","Vice President,Strategic Initiatives,WRHN Foundation",2025-10-20,NA
"665","GUELPH GENERAL","Mark Walton","President & CEO",2025-10-20,NA
"665","GUELPH GENERAL","Dr. Alex Ferguson","Chief of Staff",2025-10-20,NA
"665","GUELPH GENERAL","Gavin Webb","VP, Finance & CIO",2025-10-20,NA
"665","GUELPH GENERAL","Karen Suk-Patrick","VP, People, Strategy & Community",2025-10-20,NA
"665","GUELPH GENERAL","Andrea Lucas","VP, Patient Services & CNE",2025-10-20,NA
"665","GUELPH GENERAL","Julie Byczynski","CEO, The Foundation of GGH",2025-10-20,NA
"640","COLLINGWOOD GENERAL AND MARINE HOSP","Michael Lacroix","President and CEO",2025-10-20,NA
"640","COLLINGWOOD GENERAL AND MARINE HOSP","Dr. Michael Lisi","Chief of Staff",2025-10-20,NA
"640","COLLINGWOOD GENERAL AND MARINE HOSP","Kathleen De Pellegrin","Vice President, Corporate Services and CFO",2025-10-20,NA
"640","COLLINGWOOD GENERAL AND MARINE HOSP","Rosemary Frketich","Vice President, Patient Services and CNE",2025-10-20,NA
"640","COLLINGWOOD GENERAL AND MARINE HOSP","Angela Wiggins","Vice President, People and Culture and Chief Human Resources Executive",2025-10-20,NA
"640","COLLINGWOOD GENERAL AND MARINE HOSP","Cathy Renaud","Vice President, Hospital Development",2025-10-20,NA
"640","COLLINGWOOD GENERAL AND MARINE HOSP","Bronwen Edgar","Director, Risk Management and Clinical Services",2025-10-20,NA
"640","COLLINGWOOD GENERAL AND MARINE HOSP","Jenn Rae","Director, Communications and Community Engagement",2025-10-20,NA
"640","COLLINGWOOD GENERAL AND MARINE HOSP","Shelby Howard","Director, Patient Services and Professional Practice",2025-10-20,NA
"605","TORONTO ST. JOSEPH'S INFIRMARY",NA,NA,2025-10-20,"]8;;file://E:/ExecutiveSearchYaml/code/TODO_ADD_LEADERSHIP_URL[34mTODO_ADD_LEADERSHIP_URL[39m]8;; does not exist in current working directory (]8;;file://E:/ExecutiveSearchYaml/code[34mE:/ExecutiveSearchYaml/code[39m]8;;)."
"613","TORONTO WEST PARK",NA,NA,2025-10-20,NA
"983","HURON PERTH HEALTHCARE ALLIANCE","Andrew Williams","President & Chief Executive Officer",2025-10-20,NA
"983","HURON PERTH HEALTHCARE ALLIANCE","Dr. Kevin Lefebvre","Chief of",2025-10-20,NA
"983","HURON PERTH HEALTHCARE ALLIANCE","Mary Cardinal","Vice President People, Engagement & Social Accountability",2025-10-20,NA
"983","HURON PERTH HEALTHCARE ALLIANCE","Lynanne Mason","Vice President Partnerships, Transformation & Chief Nursing Executive",2025-10-20,NA
"983","HURON PERTH HEALTHCARE ALLIANCE","Iris Michaels","Vice President Performance, Finance & Digital Innovation",2025-10-20,NA
"974","NORTH BAY NORTH BAY REGIONAL HC","Paul Heinrich","President & CEO",2025-10-20,NA
"974","NORTH BAY NORTH BAY REGIONAL HC","Lise St. Marseille","Vice President, Mental Health & Addictions",2025-10-20,NA
"974","NORTH BAY NORTH BAY REGIONAL HC","Joanne Laplante","Vice President, Clinical and Chief Nursing Executive",2025-10-20,NA
"974","NORTH BAY NORTH BAY REGIONAL HC","Ryan Jeffers","Vice President of Corporate Services & CFO",2025-10-20,NA
"974","NORTH BAY NORTH BAY REGIONAL HC","Dr. Scott Kerrigan","Chief of Staff",2025-10-20,NA
"981","CHATHAM CHATHAM-KENT HEALTH ALLIANC","Adam Topp","President & CEO",2025-10-20,NA
"981","CHATHAM CHATHAM-KENT HEALTH ALLIANC","Aaron Ryan","Vice President, Performance & Chief Financial Officer",2025-10-20,NA
"981","CHATHAM CHATHAM-KENT HEALTH ALLIANC","Natalie Clark","Chief Nursing Executive",2025-10-20,NA
"981","CHATHAM CHATHAM-KENT HEALTH ALLIANC","Caen Suni","Vice President, Clinical Programs & Operations",2025-10-20,NA
"981","CHATHAM CHATHAM-KENT HEALTH ALLIANC","Dr. Zeke Milkovic","Chief of Staff",2025-10-20,NA
"981","CHATHAM CHATHAM-KENT HEALTH ALLIANC","Justin Turkington","Chief Human Resources Officer",2025-10-20,NA
"981","CHATHAM CHATHAM-KENT HEALTH ALLIANC","Fannie Vavoulis","Director, Communications & Patient Experience",2025-10-20,NA
"981","CHATHAM CHATHAM-KENT HEALTH ALLIANC","Christine Mitchell","CKHA Foundation, President & CEO",2025-10-20,NA
"707","Ross Memorial Hospital","Veronica Nelson","President and CEO",2025-10-20,NA
"707","Ross Memorial Hospital","Dr. Bharat Chawla","Chief of Staff",2025-10-20,NA
"707","Ross Memorial Hospital","Vlad Padure","Vice President Clinical and Chief Nursing Executive",2025-10-20,NA
"707","Ross Memorial Hospital","Emma Elley","Chief Human Resources Officer",2025-10-20,NA
"707","Ross Memorial Hospital","Yen Daniel","Chief Financial Officer (CFO)",2025-10-20,NA
"707","Ross Memorial Hospital","Dan Meraw","Chief Information Officer (CIO)",2025-10-20,NA
"624","Campbellford Memorial Hospital","Jeff Hohenkerk","President/CEO",2025-10-20,NA
"624","Campbellford Memorial Hospital","Heather Campbell","VP Patient Care/Chief Nursing Executive",2025-10-20,NA
"624","Campbellford Memorial Hospital","Adam Kolisnyk","VP Corporate Services/CFO",2025-10-20,NA
"624","Campbellford Memorial Hospital","Jessica Brandon","Manager Human Resources",2025-10-20,NA
"624","Campbellford Memorial Hospital","Julia Swedak","Innovation and Transformation Officer",2025-10-20,NA
"624","Campbellford Memorial Hospital","Dr. Dimitri Louvish","Chief of Staff",2025-10-20,NA
"596","Alliston Stevenson Memorial Hospital","Carmine Stumpo","Supervisor",2025-10-20,NA
"596","Alliston Stevenson Memorial Hospital","Sarah Morris","Interim Chief Nursing Executive",2025-10-20,NA
"596","Alliston Stevenson Memorial Hospital","Sharon Ramagnano","Interim Vice President, Clinical Services",2025-10-20,NA
"596","Alliston Stevenson Memorial Hospital","Dr. Roger Musa","Chief of Staff",2025-10-20,NA
"596","Alliston Stevenson Memorial Hospital","Martin Mazza","Vice President of Corporate Services & Chief Financial Officer",2025-10-20,NA
"661","Cambridge Memorial Hospital","Patrick Gaskin","President & Chief Executive Officer",2025-10-20,NA
"661","Cambridge Memorial Hospital","Winnie Lee","Chief of Staff",2025-10-20,NA
"661","Cambridge Memorial Hospital","Trevor Clark","Vice President Finance & Corporate Services / Chief Financial Officer",2025-10-20,NA
"661","Cambridge Memorial Hospital","Stephanie Pearsall","Vice President of Clinical Programs and Chief Nursing Executive",2025-10-20,NA
"661","Cambridge Memorial Hospital","Mari Iromoto","Vice President, People & Strategy",2025-10-20,NA
"661","Cambridge Memorial Hospital","Susan Toth","Director HR, Chief Human Resources Officer",2025-10-20,NA
"661","Cambridge Memorial Hospital","Amanda Thibodeau","Director, Construction",2025-10-20,NA
"661","Cambridge Memorial Hospital","Rob Howe","Director, Corporate Services & Chief Information Office",2025-10-20,NA
"661","Cambridge Memorial Hospital","Kenneth Abogadil","Director, Diagnostic Imaging, Laboratory, Cardiac Diagnostics",2025-10-20,NA
"661","Cambridge Memorial Hospital","Donna Didimos","Director, Emergency and Mental Health Programs",2025-10-20,NA
"661","Cambridge Memorial Hospital","Valerie Smith-Sellers","Director, Finance",2025-10-20,NA
"661","Cambridge Memorial Hospital","Andrea Brissette","Director, Medical Programs",2025-10-20,NA
"661","Cambridge Memorial Hospital","Kyle Leslie","Director, Operational Excellence",2025-10-20,NA
"661","Cambridge Memorial Hospital","Liane Barefoot","Director, Patient Experience, Risk & Quality, Infection Prevention & Control, Chief Privacy Officer",2025-10-20,NA
"661","Cambridge Memorial Hospital","Jennifer Visocchi","Director, Pharmacy & Supply Chain",2025-10-20,NA
"661","Cambridge Memorial Hospital","Kim Towes","Director, Surgical Programs",2025-10-20,NA
"661","Cambridge Memorial Hospital","Jennifer Backler","Director, Professional Practice, Clinical Informatics",2025-10-20,NA
"957","BELLEVILLE QUINTE HEALTH CARE","Stacey Daub","President & Chief Executive Officer",2025-10-20,NA
"957","BELLEVILLE QUINTE HEALTH CARE","Matthew Campbell","Vice President & Chief Transformation Officer",2025-10-20,NA
"957","BELLEVILLE QUINTE HEALTH CARE","Dr. Colin MacPherson","Chief of Staff",2025-10-20,NA
"957","BELLEVILLE QUINTE HEALTH CARE","Lina Rinaldi","Vice President & Chief Nursing Executive",2025-10-20,NA
"957","BELLEVILLE QUINTE HEALTH CARE","Susan Rowe","Vice President,People & Strategy",2025-10-20,NA
"957","BELLEVILLE QUINTE HEALTH CARE","Ben Petersen","Vice President & Chief Financial Officer",2025-10-20,NA
"953","Sunnybrook Health Sciences Centre","Dr. Andy J. Smith, MD, MSc, FRCSC, FACS","President and CEO",2025-10-20,NA
"953","Sunnybrook Health Sciences Centre","Ru Taggar, BScN, MScN","Executive Vice President, Chief Nursing and Health Professions Executive",2025-10-20,NA
"953","Sunnybrook Health Sciences Centre","Kristen Winter, BA, MA","Executive Vice President, Programs, People & Leadership",2025-10-20,NA
"953","Sunnybrook Health Sciences Centre","Michele Beals, CPA, CA, MBA","Vice President, Finance and Chief Financial Officer",2025-10-20,NA
"953","Sunnybrook Health Sciences Centre","Lori Brady, PT, BA, MSc, MHSc","Vice President, Community Integration, Partnerships and Outpatient Care",2025-10-20,NA
"953","Sunnybrook Health Sciences Centre","Kelly Cole, BA, MBA","President and CEO, Sunnybrook Foundation",2025-10-20,NA
"953","Sunnybrook Health Sciences Centre","Shelley Darling, BHSci, MHA","Vice President, Strategic Communications",2025-10-20,NA
"953","Sunnybrook Health Sciences Centre","Darren Gerson, MSc, MBA","Vice President, Quality, Risk, Performance and Patient Experience",2025-10-20,NA
"953","Sunnybrook Health Sciences Centre","Dr. Calvin Law, MD, FRCSC, MPH","Vice President, Education",2025-10-20,NA
"953","Sunnybrook Health Sciences Centre","Rob Lee, BA","Vice President, Digital Health and Chief of Information Officer",2025-10-20,NA
"953","Sunnybrook Health Sciences Centre","Kunal Patel, BCom, MBA","Vice President, Corporate Strategy and Development",2025-10-20,NA
"953","Sunnybrook Health Sciences Centre","Dr. Calvin Law, MD, FRCSC, MPH","Vice President, Education",2025-10-20,NA
"953","Sunnybrook Health Sciences Centre","Kullervo Hynynen, Ph.D.","Vice President, Research and Innovation",2025-10-20,NA
"953","Sunnybrook Health Sciences Centre","Dr. Dan Cass B.Sc., MD, MSc, FRCPC","Executive Vice President and Chief Medical Executive",2025-10-20,NA
"935","Thunder Bay Regional Health Sciences Centre","Dr. Rhonda Crocker Ellacott","President and CEO at TBRHSC and CEO at TBRHRI",2025-10-20,NA
"935","Thunder Bay Regional Health Sciences Centre","Dr. Adam Exley","Vice President, Medical Affairs",2025-10-20,NA
"935","Thunder Bay Regional Health Sciences Centre","Dr. Bradley Jacobson","Chief of Staff",2025-10-20,NA
"935","Thunder Bay Regional Health Sciences Centre","Dr. Miranda Lesperance","Vice President, Indigenous Collaboration, Equity & Inclusion",2025-10-20,NA
"935","Thunder Bay Regional Health Sciences Centre","Jessica Logozzo","Vice President, Strategy and Regional Transformation",2025-10-20,NA
"935","Thunder Bay Regional Health Sciences Centre","Dr. Christopher Mushquash","Vice President, Research and Chief Scientist",2025-10-20,NA
"935","Thunder Bay Regional Health Sciences Centre","Jeannine Verdenik","Vice President, People & Culture",2025-10-20,NA
"935","Thunder Bay Regional Health Sciences Centre","Adam Vinet","Vice President, Patient Experience and Chief Nursing Executive, Vice President, Cancer Care Services, North West Region",2025-10-20,NA
"935","Thunder Bay Regional Health Sciences Centre","Jennifer Wintermans","Vice President, Clinical Services, Quality and Corporate Affairs",2025-10-20,NA
"935","Thunder Bay Regional Health Sciences Centre","Justin Garofalo","Vice President, Facilities, Capital Planning and Support Services & Chief Financial Officer",2025-10-20,NA
"941","Humber River Hospital","Barb Collins","President and CEO",2025-10-20,NA
"941","Humber River Hospital","Dr. S. Zaki Ahmed","Chief of Staff",2025-10-20,NA
"941","Humber River Hospital","Peter Bak","Chief Information Officer",2025-10-20,NA
"941","Humber River Hospital","Carol Hatcher","Executive Vice President, Chief Nursing Executive and Chief of Clinical Programs",2025-10-20,NA
"941","Humber River Hospital","Jennifer Yoon","Deputy CNE, Vice President, Quality, Professional Practice and Risk",2025-10-20,NA
"941","Humber River Hospital","Jhanvi Solanki","Vice President Clinical Programs",2025-10-20,NA
"941","Humber River Hospital","Dr. Peter Voros","Vice President Clinical Programs",2025-10-20,NA
"941","Humber River Hospital","Faith Forbes","Chief Financial Officer",2025-10-20,NA
"941","Humber River Hospital","Beatrise Edelstein","Vice President, Post Acute Care and Health System Partnerships",2025-10-20,NA
"941","Humber River Hospital","Maria-Cristina Cavicchia","Vice President, Human Resources and Employment Legal Counsel",2025-10-20,NA
"941","Humber River Hospital","Dr. Justin Grant","Vice President of Research and Innovation",2025-10-20,NA
"952","Lakeridge Health","Cynthia Davis","President and CEO",2025-10-20,NA
"952","Lakeridge Health","Dr. Randy Wax","Chief of Staff",2025-10-20,NA
"952","Lakeridge Health","Dr. Nadia Ismiil","Deputy Chief of Staff and Chief, Academic Affairs, Research & LHEARN",2025-10-20,NA
"952","Lakeridge Health","Petrina McGrath","Health System Executive, People, Quality and Practice and Chief Nursing Executive (CNE)",2025-10-20,NA
"952","Lakeridge Health","Kirsten Burgomaster","Health System Executive, Clinical",2025-10-20,NA
"952","Lakeridge Health","Tabitha Carroll","Health System Executive, Clinical",2025-10-20,NA
"952","Lakeridge Health","Brian Pollard","Health System Executive, Clinical",2025-10-20,NA
"952","Lakeridge Health","Dr. Ilan Lenga","Chief Information Officer and Regional Chief Medical Information Officer, Central East Ontario Clinical Information System",2025-10-20,NA
"952","Lakeridge Health","Christopher J. Squire","Health System Executive, Corporate Services and Chief Financial Officer",2025-10-20,NA
"952","Lakeridge Health","Trevor Stewart","Chief Development Officer",2025-10-20,NA
"952","Lakeridge Health","Mark Hierlihy","Interim Chief Philanthropy Officer",2025-10-20,NA
"952","Lakeridge Health","Shara Santan","Senior Director, Strategic Communications",2025-10-20,NA
"905","OAK VALLEY HEALTH","Mark Fam","President and Chief Executive Officer",2025-10-20,NA
"905","OAK VALLEY HEALTH","Dr. Caroline Geenen","Chief of Staff",2025-10-20,NA
"905","OAK VALLEY HEALTH","Sheri Ferkl","Vice President, Clinical Operations and Chief Nursing Executive",2025-10-20,NA
"905","OAK VALLEY HEALTH","Rebecca MacKenzie","Vice President, Patient and Community Experience, Governance, and Chief Communications Officer",2025-10-20,NA
"905","OAK VALLEY HEALTH","Marie Nunziata","Vice President, People and Chief Human Resources Officer",2025-10-20,NA
"905","OAK VALLEY HEALTH","Elena Pacheco","Vice President and Chief Operating Officer",2025-10-20,NA
"905","OAK VALLEY HEALTH","Richard Tam","Interim Vice President and Chief Financial Officer",2025-10-20,NA
"905","OAK VALLEY HEALTH","Dr. Subarna Thirugnanam","Interim Vice President, Medical Operations",2025-10-20,NA
"905","OAK VALLEY HEALTH","Felix Zhang","Vice President, Digital Health and Chief Information Officer",2025-10-20,NA
"905","OAK VALLEY HEALTH","Suzette Strong","Chief Executive Officer, Markham Stouffville Hospital Foundation",2025-10-20,NA
"905","OAK VALLEY HEALTH","Michele Varela","Executive Director, Uxbridge Hospital Foundation",2025-10-20,NA
"632","North York General Hospital","Dr. Everton Gooden","President and CEO",2025-10-20,NA
"632","North York General Hospital","Mitch Birken","Vice President and Chief Human Resources Officer",2025-10-20,NA
"632","North York General Hospital","Rudy Dahdal, B.Sc., MHSc, CHE","Vice President, Planning, Redevelopment and Clinical Support",2025-10-20,NA
"632","North York General Hospital","Anne-Marie Flanagan","Interim Chief Communications & External Relations Officer",2025-10-20,NA
"632","North York General Hospital","Duska Kennedy","Vice President, Strategy, Digital Health and CDO",2025-10-20,NA
"632","North York General Hospital","Jennifer Dockery","Vice President, Quality, Post- Acute Care & Community Integration",2025-10-20,NA
"632","North York General Hospital","Dr. Richard Bowry","Vice President, Medical Affairs, Research and Education",2025-10-20,NA
"632","North York General Hospital","Seanna Millar","President and CEO, North York General Foundation",2025-10-20,NA
"632","North York General Hospital","Dr. Phil Shin","Chief Medical Information Officer, Chair, Medical Advisory Committee, Critical Care and Internal Medicine",2025-10-20,NA
"632","North York General Hospital","Terri Stuart-McEwan","Vice President, Clinical Services and Chief Nursing Executive",2025-10-20,NA
"632","North York General Hospital","Paul Truscott","Vice President Finance, Data Analytics & Chief Financial Officer",2025-10-20,NA
"777","Queensway Carleton Hospital","Dr. Andrew Falconer","President & CEO",2025-10-20,NA
"777","Queensway Carleton Hospital","Dr. Katalin Kovacs","Chief of Staff",2025-10-20,NA
"777","Queensway Carleton Hospital","Cameron Best","Vice President Corporate, Diagnostic, Pharmacy, & Chief Financial Officer",2025-10-20,NA
"777","Queensway Carleton Hospital","Lindsay Wyers","Vice President Digital Transformation & Chief Information Officer",2025-10-20,NA
"777","Queensway Carleton Hospital","Ann Fuller","Chief Communications Officer",2025-10-20,NA
"777","Queensway Carleton Hospital","Shannon Gorman","President & CEO Queensway Carleton Hospital Foundation",2025-10-20,NA
"777","Queensway Carleton Hospital","Jen Plant","Interim Vice President Clinical Services",2025-10-20,NA
"777","Queensway Carleton Hospital","Ashley Malloff","Interim Vice President Quality & Chief Nursing Executive",2025-10-20,NA
"606","BARRIE ROYAL VICTORIA REG HC","Gail Hunt","President & CEO",2025-10-20,NA
"606","BARRIE ROYAL VICTORIA REG HC","Dr. Jeffrey Tyberg","Chief of Staff & Vice President, Academic & Medical Affairs",2025-10-20,NA
"606","BARRIE ROYAL VICTORIA REG HC","Terry Caputo","Executive Vice President, Corporate Services and Chief Financial Officer",2025-10-20,NA
"606","BARRIE ROYAL VICTORIA REG HC","Rachel Kean","Vice President, Quality, Risk and Performance Improvement & Regional Chief Privacy Officer",2025-10-20,NA
"606","BARRIE ROYAL VICTORIA REG HC","Dara Marcoccia","Vice President, People Experience, & Chief Human Resources Officer",2025-10-20,NA
"606","BARRIE ROYAL VICTORIA REG HC","Leanne Weeks","Vice President, Clinical, & Chief Nursing Executive",2025-10-20,NA
"606","BARRIE ROYAL VICTORIA REG HC","Dave Brewin","Vice President, Digital Health & Regional Chief Information Officer",2025-10-20,NA
"606","BARRIE ROYAL VICTORIA REG HC","Dr. Jesse McLean","Director, Research and Innovation",2025-10-20,NA
"606","BARRIE ROYAL VICTORIA REG HC","Pamela Ross","CEO, RVH Foundation",2025-10-20,NA
"606","BARRIE ROYAL VICTORIA REG HC","Dana Naylor","Vice President, Clinical; Regional Vice President, Cancer Services, Ontario Health (Cancer Care Ontario)",2025-10-20,NA
"606","BARRIE ROYAL VICTORIA REG HC","Jennifer Moore","Vice President, Communications & Engagement and Chief Communications Officer",2025-10-20,NA
"979","TORONTO SCARBOROUGH HEALTH NETWORK","David Graham","President and CEO",2025-10-20,NA
"979","TORONTO SCARBOROUGH HEALTH NETWORK","Dr. Jon Hummel","Interim Chief of Staff",2025-10-20,NA
"979","TORONTO SCARBOROUGH HEALTH NETWORK","Dr. Martin Betts","Executive Vice President, Medical",2025-10-20,NA
"979","TORONTO SCARBOROUGH HEALTH NETWORK","Glyn Boatswain","Executive Vice President, Chief Nursing and Allied Professionals Executive",2025-10-20,NA
"979","TORONTO SCARBOROUGH HEALTH NETWORK","Michele James","Executive Vice President, Patient Care Services, Community Partnerships and Health System Integration",2025-10-20,NA
"979","TORONTO SCARBOROUGH HEALTH NETWORK","Dr. Samir Grover","Executive Vice President, Academics",2025-10-20,NA
"979","TORONTO SCARBOROUGH HEALTH NETWORK","Faaiza Ali","Vice President, Redevelopment and Technology",2025-10-20,NA
"979","TORONTO SCARBOROUGH HEALTH NETWORK","Cory Bryan","Vice President, Finance, Business Development & Chief Financial Officer",2025-10-20,NA
"979","TORONTO SCARBOROUGH HEALTH NETWORK","Andrea Gates","Vice President, Strategy & Information Management",2025-10-20,NA
"979","TORONTO SCARBOROUGH HEALTH NETWORK","Leigh Duncan","Chief Communications and Public Affairs Officer",2025-10-20,NA
"979","TORONTO SCARBOROUGH HEALTH NETWORK","David Belous","Chief, Strategic Partnerships and Government Relations",2025-10-20,NA
"979","TORONTO SCARBOROUGH HEALTH NETWORK","Noura Gharibo Shaw","Chief Human Resources Officer (CHRO)",2025-10-20,NA
"979","TORONTO SCARBOROUGH HEALTH NETWORK","Lauren Rinaldo","Director, Corporate Initiatives",2025-10-20,NA
"979","TORONTO SCARBOROUGH HEALTH NETWORK","Alicia Vandermeer","President and CEO, SHN Foundation",2025-10-20,NA
"837","TORONTO HOSPITAL FOR SICK CHILDREN","Jeff Mainland","President & CEO",2025-10-20,NA
"837","TORONTO HOSPITAL FOR SICK CHILDREN","Megan Evans","Executive Vice-President",2025-10-20,NA
"837","TORONTO HOSPITAL FOR SICK CHILDREN","Lennox Huang","Vice-President and Chief Legal and Risk Officer",2025-10-20,NA
"837","TORONTO HOSPITAL FOR SICK CHILDREN","Gloria Kain","Chief Medical Officer, Vice-President of Medical and Academic Affairs",2025-10-20,NA
"837","TORONTO HOSPITAL FOR SICK CHILDREN","Karen Kinnear","Vice-President, Planning, Development and Transformation",2025-10-20,NA
"837","TORONTO HOSPITAL FOR SICK CHILDREN","Young Lee","Vice-President, Clinical Operations",2025-10-20,NA
"837","TORONTO HOSPITAL FOR SICK CHILDREN","Sarah Muttitt","Vice President, Finance and Chief Financial Officer",2025-10-20,NA
"837","TORONTO HOSPITAL FOR SICK CHILDREN","Susan O'Dowd","Vice-President and Chief Information Officer",2025-10-20,NA
"837","TORONTO HOSPITAL FOR SICK CHILDREN","Judy Van Clieaf","Vice-President, Human Resources",2025-10-20,NA
"837","TORONTO HOSPITAL FOR SICK CHILDREN","Meredith Irwin","Vice-President, Clinical Operations and Chief Nursing Officer",2025-10-20,NA
"837","TORONTO HOSPITAL FOR SICK CHILDREN","Abhaya Kulkarni","Paediatrician-in-Chief",2025-10-20,NA
"837","TORONTO HOSPITAL FOR SICK CHILDREN","Indra Narang","Surgeon-in-Chief",2025-10-20,NA
"837","TORONTO HOSPITAL FOR SICK CHILDREN","Kathleen Taylor","Chief of Research, SickKids Research Institute",2025-10-20,NA
"837","TORONTO HOSPITAL FOR SICK CHILDREN","Yongah Kim","Kathleen (Katie) Taylor is the current Chair of the SickKids Board of Trustees and Past Chair of SickKids Foundation.",2025-10-20,NA
"837","TORONTO HOSPITAL FOR SICK CHILDREN","Frank Vettese","Yongah Kim is a professor at the Rotman Business School in the Strategy Area. Kim joined the SickKids Board of Trustees in 2017 and is currently serving as the Vice Chair.",2025-10-20,NA
"837","TORONTO HOSPITAL FOR SICK CHILDREN","Clara Angotti","Frank Vettese formerly served as Deloitte Canadaâ€™s Managing Partner and Chief Executive. Vettese joined the SickKids Board of Trustees in 2018 and is currently serving as the Vice Chair.",2025-10-20,NA
"837","TORONTO HOSPITAL FOR SICK CHILDREN","Tye Bousada","Clara Angotti is the Co-founder and President of Next Pathway. Angotti joined the SickKids Board of Trustees in 2018.",2025-10-20,NA
"837","TORONTO HOSPITAL FOR SICK CHILDREN","Jessica Chutter","Tye Bousada is Founding Partner, President and Co-Chief Executive Officer of EdgePoint Investment Group Inc. Also, Tye is Portfolio Manager at EdgePoint Investment Group Inc. and Director of EdgePoint Wealth Management Inc.",2025-10-20,NA
"837","TORONTO HOSPITAL FOR SICK CHILDREN","Rola Dagher","Jessica Chutter is the Vice Chair and Chair of Biotechnology Investment Banking at Morgan Stanley. Chutter joined the Board of Trustees in 2020.",2025-10-20,NA
"837","TORONTO HOSPITAL FOR SICK CHILDREN","John Graham","Rola Dagher is Global Channel Chief at Dell Technologies since 2020. Dagher joined the SickKids Board of Trustees in 2023.",2025-10-20,NA
"837","TORONTO HOSPITAL FOR SICK CHILDREN","Nitin Jain","John Graham is the President & Chief Executive Officer of CPP Investments. Graham joined the SickKids Board of Trustees in June 2024.",2025-10-20,NA
"837","TORONTO HOSPITAL FOR SICK CHILDREN","Deland Kamanga","Nitin Jain is the President and CEO of Sienna Senior Living. He joined the SickKids Board of Trustees in 2025.",2025-10-20,NA
"837","TORONTO HOSPITAL FOR SICK CHILDREN","Bharat Masrani","Kelly LaRocca serves as the Chief of the Mississaugas of Scugog Island First Nation. LaRocca joined the SickKids Board of Trustees in 2023.",2025-10-20,NA
"837","TORONTO HOSPITAL FOR SICK CHILDREN","Michael Medline","Bharat Masrani was appointed Group President and Chief Executive Officer of TD Bank Group in 2014. Masrani joined the SickKids Board of Trustees in 2018.",2025-10-20,NA
"837","TORONTO HOSPITAL FOR SICK CHILDREN","Hratch Panossian","Michael Medline has served as President & Chief Executive Officer of Empire Company Limited and Sobeys Inc. since January 2017. Medline joined the SickKids Board of Trustees in 2023.",2025-10-20,NA
"837","TORONTO HOSPITAL FOR SICK CHILDREN","Keith Pelley","Hratch Panossian is the Senior Executive Vice-President and Head of Personal and Business Banking, Canada. Panossian joined the SickKids Board of Trustees in 2024.",2025-10-20,NA
"837","TORONTO HOSPITAL FOR SICK CHILDREN","John Sullivan","Keith Pelley is the President & Chief Executive Officer of Maple Leaf Sports & Entertainment (MLSE). Pelley joined the SickKids Board of Trustees in 2025.",2025-10-20,NA
"837","TORONTO HOSPITAL FOR SICK CHILDREN","Elizabeth Wilson","John M. Sullivan is the former CEO of The Cadillac Fairview Corporation Limited (Cadillac Fairview). Sullivan joined the SickKids Board of Trustees in 2016.",2025-10-20,NA
"837","TORONTO HOSPITAL FOR SICK CHILDREN","Melanie Woodin","Beth Wilson has held the role of Dentons' Canada Chief Executive Officer and member of Dentonsâ€™ Global Board and Global Management Committee since 2017. Wilson joined the SickKids Board of Trustees in 2017.",2025-10-20,NA
"976","TORONTO SINAI HEALTH SYSTEM","Nely Amaral","Vice President, Quality, Patient Experience, and Awards of Distinction",2025-10-20,NA
"976","TORONTO SINAI HEALTH SYSTEM","Rob Bull","Executive Vice President, Finance, Facilities and Capital Development; Chief Financial Officer",2025-10-20,NA
"976","TORONTO SINAI HEALTH SYSTEM","Louis de Melo","President and Chief Executive Officer (CEO), Sinai Health Foundation and Executive Vice President, Academic Advancement, Sinai Health",2025-10-20,NA
"976","TORONTO SINAI HEALTH SYSTEM","Dr. Yenge Diambomba","Chief Medical Informatics Officer",2025-10-20,NA
"976","TORONTO SINAI HEALTH SYSTEM","Sandra Dietrich","Vice President, Performance, Clinical Support Services, and Hospital/Government Partnerships",2025-10-20,NA
"976","TORONTO SINAI HEALTH SYSTEM","Barb Griffin","Vice President, People Engagement and Chief Human Resources Officer (CHRO)",2025-10-20,NA
"976","TORONTO SINAI HEALTH SYSTEM","Dr. Jacqueline James","Vice President, Education",2025-10-20,NA
"976","TORONTO SINAI HEALTH SYSTEM","Carey Lucki","Vice President, Sinai Health and Chief Executive Officer, Circle of Care",2025-10-20,NA
"976","TORONTO SINAI HEALTH SYSTEM","Ian McDermott","Vice President, Facilities and Capital Development",2025-10-20,NA
"976","TORONTO SINAI HEALTH SYSTEM","Jane Merkley","Executive Vice President, Chief Nurse Executive, and Chief Operating Officer",2025-10-20,NA
"976","TORONTO SINAI HEALTH SYSTEM","Dr. Gary Newton","Secretary, Sinai Health Board; President and Chief Executive Officer, Sinai Health",2025-10-20,NA
"976","TORONTO SINAI HEALTH SYSTEM","Dr. Howard Ovens","Chief Medical Strategy Officer",2025-10-20,NA
"976","TORONTO SINAI HEALTH SYSTEM","Kara Ronald","Vice President, Professional Practice, Nursing and Health Disciplines",2025-10-20,NA
"976","TORONTO SINAI HEALTH SYSTEM","Dr. Lesley Wiesenfeld","Executive Vice President, Academic and Medical Affairs",2025-10-20,NA
"976","TORONTO SINAI HEALTH SYSTEM","Kate Wilkinson","Vice President, Clinical Operations and Enterprise Risk",2025-10-20,NA
"976","TORONTO SINAI HEALTH SYSTEM","Louis de Melo","President and Chief Executive Officer (CEO), Sinai Health Foundation and Executive Vice President, Academic Advancement, Sinai Health SYSTEM",2025-10-20,NA
"976","TORONTO SINAI HEALTH SYSTEM","Dr. Anne-Claude Gingras","Director, Lunenfeld-Tanenbaum Research Institute, and Vice President, Research for Sinai Health",2025-10-20,NA
"793","ST THOMAS ELGIN GENERAL","Karen Davies","President & Chief Executive Officer",2025-10-20,NA
"793","ST THOMAS ELGIN GENERAL","Dr. Erica Van Daalen","Chief of Staff",2025-10-20,NA
"793","ST THOMAS ELGIN GENERAL","Craig Watkin","Vice President, Patient Services & Chief Nursing Executive",2025-10-20,NA
"793","ST THOMAS ELGIN GENERAL","Monica Olanski","Vice President, Patient Services & Chief Information Officer",2025-10-20,NA
"793","ST THOMAS ELGIN GENERAL","Tonya Sheldon","Vice President & Chief Financial Officer",2025-10-20,NA
"793","ST THOMAS ELGIN GENERAL","Shawna Cunningham","Vice President, People Services and Strategy",2025-10-20,NA
"975","MISSISSAUGA TRILLIUM HEALTH PARTNER","Karli Farrow","President & CEO",2025-10-20,NA
"975","MISSISSAUGA TRILLIUM HEALTH PARTNER","Dr. Sam Sabbah","Chief of Staff",2025-10-20,NA
"975","MISSISSAUGA TRILLIUM HEALTH PARTNER","Scott Jarrett, MBA","Chief Operating Officer Executive Vice President",2025-10-20,NA
"975","MISSISSAUGA TRILLIUM HEALTH PARTNER","Terri Irwin","Chief Nursing Executive Executive Vice President, Patient Care Services",2025-10-20,NA
"975","MISSISSAUGA TRILLIUM HEALTH PARTNER","Dr. Amir Ginzburg","Executive Vice President, Quality, Risk, and Patient Experience",2025-10-20,NA
"975","MISSISSAUGA TRILLIUM HEALTH PARTNER","Shalu Bains","Executive Vice President, Performance and Planning and Chief Information and Analytics Officer",2025-10-20,NA
"975","MISSISSAUGA TRILLIUM HEALTH PARTNER","Dr. Alison Freeland","Executive Vice President, Academic Associate Dean, Temerty Faculty of Medicine, University of Toronto Mississauga",2025-10-20,NA
"975","MISSISSAUGA TRILLIUM HEALTH PARTNER","Stephanie Joyce","Senior Vice President, Patient Care Services",2025-10-20,NA
"975","MISSISSAUGA TRILLIUM HEALTH PARTNER","Melissa Morey Hollis","Senior Vice President, Patient Care Services",2025-10-20,NA
"975","MISSISSAUGA TRILLIUM HEALTH PARTNER","Farah Khan","Senior Vice President, Patient Care Services",2025-10-20,NA
"975","MISSISSAUGA TRILLIUM HEALTH PARTNER","Carol Vinette-Hancharyk","Senior Vice President, Financial Services and Chief Financial Officer",2025-10-20,NA
"975","MISSISSAUGA TRILLIUM HEALTH PARTNER","Simone Harrington","Senior Vice President, Talent and Chief People Officer",2025-10-20,NA
"975","MISSISSAUGA TRILLIUM HEALTH PARTNER","David Longley","Senior Vice President, Capital Planning and Redevelopment",2025-10-20,NA
"975","MISSISSAUGA TRILLIUM HEALTH PARTNER","Aderemi (â€˜Remi) Ejiwunmi","Vice President, Shah Family Hospital for Women and Children",2025-10-20,NA
"975","MISSISSAUGA TRILLIUM HEALTH PARTNER","Dr. Chris Hayes","Chief Health Information Officer",2025-10-20,NA
"975","MISSISSAUGA TRILLIUM HEALTH PARTNER","Shawn Kerr","Vice President, Community Development and Public Affairs",2025-10-20,NA
"975","MISSISSAUGA TRILLIUM HEALTH PARTNER","Dr. Laura Rosella","Chief Scientist, Institute for Better Health",2025-10-20,NA
"975","MISSISSAUGA TRILLIUM HEALTH PARTNER","Nicole Vaz, L","General Counsel & Chief Compliance and Privacy Officer",2025-10-20,NA
"947","TORONTO UNIVERSITY HEALTH NETWORK","Dr. Kevin Smith","President and CEO",2025-10-20,NA
"947","TORONTO UNIVERSITY HEALTH NETWORK","Andrew Boozary","Executive Director, Social Medicine and Population Health",2025-10-20,NA
"947","TORONTO UNIVERSITY HEALTH NETWORK","Michael Caesar","Chief Data and Analytics Officer",2025-10-20,NA
"947","TORONTO UNIVERSITY HEALTH NETWORK","Lucas Chartier","Vice President, Quality and Safety",2025-10-20,NA
"947","TORONTO UNIVERSITY HEALTH NETWORK","Anil Chopra","Vice President, Medical Affairs",2025-10-20,NA
"947","TORONTO UNIVERSITY HEALTH NETWORK","Darlene Dasent","Executive Vice President & Chief Financial Officer",2025-10-20,NA
"947","TORONTO UNIVERSITY HEALTH NETWORK","Doug Earle","CEO, West Park Healthcare Centre Foundation",2025-10-20,NA
"947","TORONTO UNIVERSITY HEALTH NETWORK","Marnie Escaf","Vice President, Clinical",2025-10-20,NA
"947","TORONTO UNIVERSITY HEALTH NETWORK","Thomas Forbes","Surgeon-in-Chief",2025-10-20,NA
"947","TORONTO UNIVERSITY HEALTH NETWORK","Carolyn Gosse","Vice President, Clinical",2025-10-20,NA
"947","TORONTO UNIVERSITY HEALTH NETWORK","Brian Hodges","Executive Vice President, Education & Chief Medical Officer",2025-10-20,NA
"947","TORONTO UNIVERSITY HEALTH NETWORK","Pam Hubley","Vice President & Chief Nurse Executive",2025-10-20,NA
"947","TORONTO UNIVERSITY HEALTH NETWORK","Shiran Isaacksz","Vice President, Clinical",2025-10-20,NA
"947","TORONTO UNIVERSITY HEALTH NETWORK","Shaf Keshavjee","Chief of Innovation",2025-10-20,NA
"947","TORONTO UNIVERSITY HEALTH NETWORK","Kyla Kumar","Vice President, Communications & Brand Strategy",2025-10-20,NA
"947","TORONTO UNIVERSITY HEALTH NETWORK","AimÃ©e Langan","Vice President, Clinical",2025-10-20,NA
"947","TORONTO UNIVERSITY HEALTH NETWORK","Joel Montesanti","Chief Strategy Officer",2025-10-20,NA
"947","TORONTO UNIVERSITY HEALTH NETWORK","Sarah Muttitt","Vice President & Chief Information Officer",2025-10-20,NA
"947","TORONTO UNIVERSITY HEALTH NETWORK","Janet Newton","Vice President, Clinical",2025-10-20,NA
"947","TORONTO UNIVERSITY HEALTH NETWORK","Michael O'Leary","Principal of the Michener Institute of Education",2025-10-20,NA
"947","TORONTO UNIVERSITY HEALTH NETWORK","Julie Quenneville","CEO, UHN Foundation",2025-10-20,NA
"947","TORONTO UNIVERSITY HEALTH NETWORK","Rebecca Repa","Executive Vice President, Clinical, Performance and Real Estate",2025-10-20,NA
"947","TORONTO UNIVERSITY HEALTH NETWORK","Mark Spencer","Executive Vice President, People & Culture",2025-10-20,NA
"947","TORONTO UNIVERSITY HEALTH NETWORK","Keith Stewart","Vice President, Clinical and Lab Medicine",2025-10-20,NA
"947","TORONTO UNIVERSITY HEALTH NETWORK","Kathryn Tinckam","Physician-in-Chief",2025-10-20,NA
"947","TORONTO UNIVERSITY HEALTH NETWORK","Marc Toppings","Vice President & Chief Legal Officer",2025-10-20,NA
"947","TORONTO UNIVERSITY HEALTH NETWORK","Jake Tran","Vice President, Clinical",2025-10-20,NA
"947","TORONTO UNIVERSITY HEALTH NETWORK","Aristotle Voineskos","Vice President, UHN-CAMH Partnership",2025-10-20,NA
"947","TORONTO UNIVERSITY HEALTH NETWORK","Bo Wang","Chief Artificial Intelligence Scientist",2025-10-20,NA
"947","TORONTO UNIVERSITY HEALTH NETWORK","Brad Wouters","Executive Vice President, Science & Research",2025-10-20,NA
"947","TORONTO UNIVERSITY HEALTH NETWORK","Miyo Yamashita","President & CEO, The Princess Margaret Cancer Foundation",2025-10-20,NA
"951","BRAMPTON WILLIAM OSLER","Dr. Frank Martino","President and CEO",2025-10-20,NA
"951","BRAMPTON WILLIAM OSLER","Marco Deiana","Vice President, Legal Affairs and General Counsel",2025-10-20,NA
"951","BRAMPTON WILLIAM OSLER","Sarbjit Dheri","Vice President, Finance and Deputy Chief Financial Officer",2025-10-20,NA
"951","BRAMPTON WILLIAM OSLER","Kiki Ferrari","Executive Vice President, and Chief Clinical Officer",2025-10-20,NA
"951","BRAMPTON WILLIAM OSLER","Cara Francis","Vice President, Communications and Stakeholder Relations",2025-10-20,NA
"951","BRAMPTON WILLIAM OSLER","Fred Go","Vice President, Clinical Services",2025-10-20,NA
"951","BRAMPTON WILLIAM OSLER","Kelly Kimens","Executive Vice President, People and Governance",2025-10-20,NA
"951","BRAMPTON WILLIAM OSLER","Florine Lobo","Executive Vice President, Chief Operating Officer and Chief Financial Officer",2025-10-20,NA
"951","BRAMPTON WILLIAM OSLER","Ken Mayhew","President and CEO, William Osler Health System Foundation",2025-10-20,NA
"951","BRAMPTON WILLIAM OSLER","Carole Moore","Vice President, Clinical Services",2025-10-20,NA
"951","BRAMPTON WILLIAM OSLER","Scott Patterson","Vice President, Facilities Operations and Capital Development",2025-10-20,NA
"951","BRAMPTON WILLIAM OSLER","Tony Raso","Vice President, Clinical Services",2025-10-20,NA
"951","BRAMPTON WILLIAM OSLER","Tiziana Rivera","Executive Vice President, Quality, Research and Chief Nursing Executive",2025-10-20,NA
"951","BRAMPTON WILLIAM OSLER","Dr. Greg Rutledge","Chief of Staff and Executive Vice President, Medical and Academic Affairs",2025-10-20,NA
"951","BRAMPTON WILLIAM OSLER","Dr. Hemant Shah","Vice President, Academics",2025-10-20,NA
"951","BRAMPTON WILLIAM OSLER","Deepak Sharma","Vice President, Strategy and Organizational Performance",2025-10-20,NA
"951","BRAMPTON WILLIAM OSLER","David Stankiewicz","Vice President, Digital Health and Chief Information and Privacy Officer",2025-10-20,NA
"695","KINGSTON PROVIDENCE CARE HOSPITAL","Cathy Szabo","President & CEO",2025-10-20,NA
"695","KINGSTON PROVIDENCE CARE HOSPITAL","Jonathon Bingeman","Vice President, Finance & Digital Transformation; Chief Financial Officer",2025-10-20,NA
"695","KINGSTON PROVIDENCE CARE HOSPITAL","Clarence Willms","Vice President, Mission, Values and People",2025-10-20,NA
"695","KINGSTON PROVIDENCE CARE HOSPITAL","Terry Landry","Vice President, Mental Health and Community Teams",2025-10-20,NA
"695","KINGSTON PROVIDENCE CARE HOSPITAL","Krista Wells Pearce","Vice President Corporate Services; Executive Director, Hospice",2025-10-20,NA
"695","KINGSTON PROVIDENCE CARE HOSPITAL","Darcy Woods Fournier","Vice President Patient Care, Long Term Care and Chief Nursing Executive",2025-10-20,NA
"695","KINGSTON PROVIDENCE CARE HOSPITAL","Dr. Roumen Milev","Vice President Medical & Academic Affairs",2025-10-20,NA
"695","KINGSTON PROVIDENCE CARE HOSPITAL","Chandra Davies","Director, Governance, Corporate Secretary, Privacy Officer",2025-10-20,NA
"695","KINGSTON PROVIDENCE CARE HOSPITAL","Jessica Herbison","Director, Communications & Reception Services",2025-10-20,NA
"695","KINGSTON PROVIDENCE CARE HOSPITAL","Allison Philpot","Vice President System Innovation & Executive Director Medical Affairs and Research",2025-10-20,NA
"695","KINGSTON PROVIDENCE CARE HOSPITAL","Dr. Simon O'Brien","Chair, Medical Advisory Committee",2025-10-20,NA
"695","KINGSTON PROVIDENCE CARE HOSPITAL","TamÃ¡s Zsolnay","President & CEO, University Hospitals Kingston Foundation",2025-10-20,NA
"932","Elizabeth Bruyere Hospital","Guy Chartrand","President and CEO",2025-10-20,NA
"932","Elizabeth Bruyere Hospital","Paula Doering","Senior Vice-President, Clinical Programs, Chief Nursing Executive and Allied Health Professionals",2025-10-20,NA
"932","Elizabeth Bruyere Hospital","Melissa Donskov","Vice-President, Residential and Community Care Programs",2025-10-20,NA
"932","Elizabeth Bruyere Hospital","Samantha G. Hamilton","Vice-president, Quality and Performance",2025-10-20,NA
"932","Elizabeth Bruyere Hospital","Dr. Shawn Marshall","Chief of Staff",2025-10-20,NA
"932","Elizabeth Bruyere Hospital","Rebecca Officer","Vice-President, Human Resources and Organizational Culture and Development",2025-10-20,NA
"932","Elizabeth Bruyere Hospital","Peggy Taillon","Vice-President, Strategy, Engagement, Communications, Development and Integration",2025-10-20,NA
"932","Elizabeth Bruyere Hospital","Dr. Kumanan Wilson","CEO and Chief Scientific Officer of the BruyÃ¨re Health Research Institute and Vice-President of Research and Academic Affairs",2025-10-20,NA
"932","Elizabeth Bruyere Hospital","Kim Curran","Acting, Executive Director, BruyÃ¨re Health Foundation",2025-10-20,NA
"790","ST CATHARINES HOTEL DIEU","Dr. David Ceglie","Chief Executive Officer",2025-10-20,NA
"790","ST CATHARINES HOTEL DIEU","Dr. Galina Arvinte","Chief of Staff",2025-10-20,NA
"790","ST CATHARINES HOTEL DIEU","Sister Louise Dillon","Director, Mission & Pastoral Services",2025-10-20,NA
"790","ST CATHARINES HOTEL DIEU","Jennifer Hansen","Vice President, Clinical Operations|Chief Nursing Officer / Director, Nursing",2025-10-20,NA
"790","ST CATHARINES HOTEL DIEU","Dr. Zeau Ismail","Executive Vice President, Corporate Services & Research",2025-10-20,NA
"790","ST CATHARINES HOTEL DIEU","Shawn Bolger","Manager, Housekeeping",2025-10-20,NA
"790","ST CATHARINES HOTEL DIEU","Jeane Davis Fyfe","Director, Rehabilitation|Manager, Inpatient Rehabilitation Services",2025-10-20,NA
"790","ST CATHARINES HOTEL DIEU","Amanda Fyfe","Manager, Finance",2025-10-20,NA
"790","ST CATHARINES HOTEL DIEU","Jody Gowling","Manager, Infection Prevention & Control|Manager, Complex Care",2025-10-20,NA
"790","ST CATHARINES HOTEL DIEU","Stacey Hancharyk","Manager, Inpatient Nursing Rehabilitation",2025-10-20,NA
"790","ST CATHARINES HOTEL DIEU","Ariel Jackson","Director, Human Resources",2025-10-20,NA
"790","ST CATHARINES HOTEL DIEU","Nicole Johnson","Manager, Health Informatics",2025-10-20,NA
"790","ST CATHARINES HOTEL DIEU","Subuddhi Kulkarni","Director, Pharmacy & Quality Improvement",2025-10-20,NA
"790","ST CATHARINES HOTEL DIEU","Janice Latam","Director, Health Data & Patient Relations",2025-10-20,NA
"790","ST CATHARINES HOTEL DIEU","Julie Marrone","Director, Finance",2025-10-20,NA
"790","ST CATHARINES HOTEL DIEU","Mark Reynolds","Director, Capital Planning & Redevelopment",2025-10-20,NA
"790","ST CATHARINES HOTEL DIEU","Lori Serafino-Harper","Manager, Audiology, Speech & AAC",2025-10-20,NA
"790","ST CATHARINES HOTEL DIEU","Brock Smith","Manager, Public Affairs & Redevelopment Communications",2025-10-20,NA
"790","ST CATHARINES HOTEL DIEU","Stephanie Stone","Manager, Outpatient Rehabilitation and Specialty Clinics",2025-10-20,NA
"790","ST CATHARINES HOTEL DIEU","Katie Stranges","Manager, Internal Communications & Community Relations",2025-10-20,NA
"790","ST CATHARINES HOTEL DIEU","Ariza Swales","Manager, Food Services & Clinical Nutrition",2025-10-20,NA
"781","THUNDER BAY ST. JOSEPH'S","Janine Black","President & Chief Executive Officer",2025-10-20,NA
"781","THUNDER BAY ST. JOSEPH'S","Adam Shaen","Vice President, People & Mission",2025-10-20,NA
"781","THUNDER BAY ST. JOSEPH'S","Andrea Docherty","Vice President, Clinical & Community Health",2025-10-20,NA
"781","THUNDER BAY ST. JOSEPH'S","Paul Francis","Vice President, N'doo'owe Binesi",2025-10-20,NA
"781","THUNDER BAY ST. JOSEPH'S","Carolyn Freitag","Vice President, Clinical & Chief Nursing Executive",2025-10-20,NA
"781","THUNDER BAY ST. JOSEPH'S","Byron Ball","Vice President, Infrastructure & Quality and Chief Financial Officer",2025-10-20,NA
"827","TORONTO BAYCREST CTR GERIATRIC CARE","Deb Galet","President and CEO, Baycrest Hospital and Long Term Care Home",2025-10-20,NA
"827","TORONTO BAYCREST CTR GERIATRIC CARE","Paul Santin","Interim VP, Finance and Chief Financial Officer",2025-10-20,NA
"827","TORONTO BAYCREST CTR GERIATRIC CARE","Dr. Gary Naglie","VP, Medical Affairs and Chief of Staff",2025-10-20,NA
"827","TORONTO BAYCREST CTR GERIATRIC CARE","Margot DaCosta","VP, Inpatient Services, Clinical Support and Chief Nursing Executive",2025-10-20,NA
"827","TORONTO BAYCREST CTR GERIATRIC CARE","Maria Muia","VP, Information Systems and Chief Privacy Officer",2025-10-20,NA
"939","TORONTO HOLLAND BLOORVIEW KIDS","Golda Milo-Manson, MD, FRCPC","Vice-President, Medicine and Academic Affairs",2025-10-20,NA
"850","TORONTO RUNNYMEDE HC","Nick Migliore Chair","Board of Directors",2025-10-20,NA
"850","TORONTO RUNNYMEDE HC","David R. Hawkey Vice Chair","Board of Directors",2025-10-20,NA
"850","TORONTO RUNNYMEDE HC","Connie Dejak","President and Chief Executive Officer",2025-10-20,NA
"850","TORONTO RUNNYMEDE HC","Karimah Alidina","Chief Nursing Executive",2025-10-20,NA
"850","TORONTO RUNNYMEDE HC","Ivo Chopnikolov","Chief Financial Officer",2025-10-20,NA
"927","Windsor Hotel Dieu Grace","Bill Marra","President and CEO",2025-10-20,NA
"927","Windsor Hotel Dieu Grace","Andrea Steen","Chief of Staff",2025-10-20,NA
"927","Windsor Hotel Dieu Grace","Sherri Laframboise","Chief Financial Officer",2025-10-20,NA
"927","Windsor Hotel Dieu Grace","Sheri McGeen","Chief Human Resources",2025-10-20,NA
"927","Windsor Hotel Dieu Grace","Tammy Kotyk","VP Of Mental Healht and Addictions",2025-10-20,NA
"927","Windsor Hotel Dieu Grace","Shannon Landry","VP of Restorative Care and Chief Nursing Officer",2025-10-20,NA
"970","Brantford Brant Community","Bonnie Camm","President & Chief Executive Officer",2025-10-20,NA
"970","Brantford Brant Community","Dr. Anirudh Goel","Chief of Staff, Vice President Medical and Academic Affairs",2025-10-20,NA
"970","Brantford Brant Community","Stuart Paavola","Vice President, Clinical Services & Chief Nurse Executive",2025-10-20,NA
"970","Brantford Brant Community","Erin Sleeth","Vice President, People, Culture & Corporate Infrastructure",2025-10-20,NA
"970","Brantford Brant Community","Alena Lukich","Vice President, Strategy, Quality, Risk & Communications",2025-10-20,NA
"970","Brantford Brant Community","Chad DeBlock","Vice President, Data Analytics, Health Information Management & Chief Financial Officer",2025-10-20,NA
"982","Blanche River Health","Jorge VanSlyke","President and Chief Executive Officer",2025-10-20,NA
"982","Blanche River Health","Samantha Saudino","Vice President, Clinical Services and Chief Nursing Officer",2025-10-20,NA
"982","Blanche River Health","Barbara Effenberger","Vice President, Corporate Services and Chief Financial Officer",2025-10-20,NA
"982","Blanche River Health","Dr. Brian McPherson","Chief of Staff",2025-10-20,NA
"982","Blanche River Health","Dr. Ted Jordan","President of Medical Staff",2025-10-20,NA
"982","Blanche River Health","Chester Jobson","Chair",2025-10-20,NA
"982","Blanche River Health","Terry Rosko","Vice-Chair",2025-10-20,NA
"982","Blanche River Health","Mike Mazzetti","Director",2025-10-20,NA
"982","Blanche River Health","Norm Koch","Director",2025-10-20,NA
"982","Blanche River Health","Barry Ryan","Director",2025-10-20,NA
"982","Blanche River Health","Mitch Moreau","Director",2025-10-20,NA
"982","Blanche River Health","Nina Wallace","Director",2025-10-20,NA
"982","Blanche River Health","Jorge VanSlyke","Secretary / President and Chief Executive Officer, Blanche River Health",2025-10-20,NA
"982","Blanche River Health","Samantha Saudino","Vice President, Clinical Services and Chief Nursing Officer, Blanche River Health",2025-10-20,NA
"982","Blanche River Health","Sandy Austin","Director",2025-10-20,NA
"619","BROCKVILLE GENERAL","Julie Caffin","President and Chief Executive Officer",2025-10-20,NA
"619","BROCKVILLE GENERAL","Julie joined Brockville General Hospital in 2017 as Senior Vice President","Chief Nurse Executive and Chief Operating Officer. She now serves as the President and CEO. Previous positions have included frontline and leadership positions, in both community and tertiary academic health care organizations.",2025-10-20,NA
"619","BROCKVILLE GENERAL","Dr. Greg Manning","Chief of Staff",2025-10-20,NA
"619","BROCKVILLE GENERAL","Reg Hart","Interim Vice President and Chief Nursing Executive",2025-10-20,NA
"619","BROCKVILLE GENERAL","Cameron McLennan","Vice President People and Support Services",2025-10-20,NA
"619","BROCKVILLE GENERAL","Cameron is a past member of the Ontario Hospital Association's (OHA) Benefit Plans Advisory Committee (BPAC). BPAC is a committee of the OHA and acts in an advisory role in relation to the governance and management of provincial wide OHA benefit plans. Cameron is a past member on the Shared Support Services Southeastern Ontario Board","which oversees shared support services (supply chain) to hospitals within the former South East Local Health Integration Network. He has participated in province-wide OHA central negotiations and chaired a regional advisory group tasked with analyzing the labour relations impact of system integration.",2025-10-20,NA
"619","BROCKVILLE GENERAL","Sophia Weber","Vice President and Chief Financial Officer",2025-10-20,NA
"619","BROCKVILLE GENERAL","Sean Plant","Vice President, Digital Health and Chief Information Officer",2025-10-20,NA
"619","BROCKVILLE GENERAL","Sean joined Brockville General Hospital in 2022 as the Director","IT, and Clinical Systems. He now serves as the Vice President, Digital Health and Chief Information Officer.",2025-10-20,NA
